{
  "common/home": "Home",
  "product/catalog": "Product Catalog",
  "product/compare": "Product Compare",
  "product/special": "Specials",
  "product/search": "Search",
  "product/manufacturer": "Manufacturers",
  "checkout/cart": "Cart",
  "checkout/checkout": "Checkout",
  "information/contact": "Contact",
  "information/sitemap": "Sitemap",
  "affiliate/login": "Affiliate Login",
  "affiliate/register": "Affiliate Register",
  "affiliate/account": "Affiliates",
  "account/login": "Login",
  "account/logout": "Logout",
  "account/register": "Register",
  "account/forgotten": "Forgot Password",
  "account/account": "My Account",
  "account/return/insert": "Return",
  "account/return": "Returns",
  "account/voucher": "Gift Vouchers",
  "account/wishlist": "Wishlist",
  "account/order": "Order History",
  "account/newsletter": "Newsletter",
  "account/recurring": "Recurring",
  "account/transaction": "Transaction",
  "account/reward": "Reward Points",
  "account/address": "Address Book",
  "account/download": "Downloads"
}
