{
  "SplitRatio": {
    "type": "Select",
    "value": "50",
    "rules": {
      "25": {
        ".product-info .product-left": "width:%s%",
        ".product-info .product-right": "width:calc(100% - %s%)"
      },
      "33": {
        ".product-info .product-left": "width:%s.3333%",
        ".product-info .product-right": "width:calc(100% - %s.3333%)"
      },
      "40": {
        ".product-info .product-left": "width:%s%",
        ".product-info .product-right": "width:calc(100% - %s%)"
      },
      "45": {
        ".product-info .product-left": "width:%s%",
        ".product-info .product-right": "width:calc(100% - %s%)"
      },
      "50": {
        ".product-info .product-left": "width:%s%",
        ".product-info .product-right": "width:calc(100% - %s%)"
      },
      "55": {
        ".product-info .product-left": "width:%s%",
        ".product-info .product-right": "width:calc(100% - %s%)"
      },
      "60": {
        ".product-info .product-left": "width:%s%",
        ".product-info .product-right": "width:calc(100% - %s%)"
      },
      "66": {
        ".product-info .product-left": "width:%s.6666%",
        ".product-info .product-right": "width:calc(100% - %s.6666%)"
      },
      "75": {
        ".product-info .product-left": "width:%s%",
        ".product-info .product-right": "width:calc(100% - %s%)"
      },
      "100": {
        ".product-info .product-left": "width:%s%",
        ".product-info .product-right": "width:%s%"
      }
    }
  },
  "SplitSpacing": {
    "type": "InputNumber",
    "rules": {
      "@": {
        ".product-info .product-right": "padding-left:%spx"
      }
    },
    "rtlRules": {
      "@": {
        ".product-info .product-right": "padding-right:%spx"
      }
    }
  },
  "MainBackground": {
    "type": "Background",
    "selector": ".route-product-product:not(.popup) #content"
  },
  "PageMaxWidth": {
    "type": "InputNumber",
    "rules":{
      "@":{
        ".route-product-product:not(.popup) .site-wrapper > .container": "max-width:%spx"
      }
    }
  },
  "LeftBoxStyles": {
    "include": "common",
    "selector_prefix": ".route-product-product:not(.popup) .product-info .product-left"
  },
  "RightBoxStyles": {
    "include": "common",
    "selector_prefix": ".route-product-product:not(.popup) .product-info .product-right .product-details"
  },
  "TitlePosition": {
    "type": "Radio",
    "value": "",
    "rules": {
      "top": {
        ".route-product-product:not(.popup) h1.page-title": "display:block",
        ".route-product-product:not(.popup) .product-info div.page-title": "display:none"
      },
      "options": {
        ".route-product-product:not(.popup) h1.page-title": "display:none",
        ".route-product-product:not(.popup) .product-info div.page-title": "display:block"
      }
    }
  },
  "Title": {
    "type": "Variable",
    "variable": "title",
    "selector_prefix": ".route-product-product #content .page-title"
  },
  "TitleOverride": {
    "type": "Font",
    "selector": ".route-product-product #content .page-title"
  },
  "ImageBorder": {
    "type": "Border",
    "selector": ".product-image .main-image"
  },
  "ImageBackground": {
    "type": "Background",
    "selector": ".product-image .main-image img"
  },
  "ImageZoomBackground": {
    "type": "Background",
    "selector": ".zm-viewer img"
  },
  "ImageBorderRadius": {
    "type": "BorderRadius",
    "selector": ".product-image .main-image"
  },
  "ImageShadow": {
    "type": "Shadow",
    "selector": ".product-image .main-image"
  },
  "ImageCarouselStyle": {
    "type": "Variable",
    "variable": "carousel",
    "selector_prefix": ".product-image .main-image",
    "php": true
  },
  "ImageCarouselVisibility": {
    "type": "Toggle",
    "value": "false",
    "rules": {
      "true": {
        ".product-image .swiper .swiper-controls": "display: block"
      },
      "false": {
        ".product-image .swiper .swiper-controls": "display: none"
      }
    }
  },
  "ImageCarouselOffset": {
    "type": "InputPair",
    "selector": ".product-image .swiper.main-image .swiper-pagination",
    "properties": {
      "first": "left:calc(50% + %spx)",
      "second": "bottom:calc(15px + %spx)"
    }
  },
  "CloudZoomStatus": {
    "type": "Toggle",
    "rules": {
      "false": {
        ".product-image .main-image": "cursor:initial"
      }
    },
    "js": true
  },
  "CloudZoomPosition": {
    "type": "Radio",
    "value": "inner",
    "js": true
  },
  "GalleryStatus": {
    "type": "Status",
    "php": true
  },
  "Gallery": {
    "type": "Variable",
    "variable": "gallery",
    "selector_prefix": ".lg-product-images"
  },
  "AdditionalImagesStatus": {
    "type": "Status",
    "php": true
  },
  "AdditionalImagesPosition": {
    "type": "Radio",
    "value": "bottom",
    "php": true,
    "device": true
  },
  "AdditionalImagesPositionTablet": {
    "type": "Radio",
    "value": "",
    "php": true
  },
  "AdditionalImagesPositionPhone": {
    "type": "Radio",
    "value": "",
    "php": true
  },
  "AdditionalImagesItemsPerRow": {
    "type": "InputNumber",
    "value": "4",
    "rules": {
      "@": {
        ".direction-horizontal .additional-image": "width: calc(100% / %s)"
      }
    },
    "php": true
  },
  "AdditionalImagesCarousel": {
    "type": "Toggle",
    "php": true,
    "js": true
  },
  "AdditionalImagesCarouselStyle": {
    "type": "Variable",
    "variable": "carousel",
    "selector_prefix": ".additional-images"
  },
  "AdditionalImagesSpacing": {
    "type": "InputNumber",
    "value": "10",
    "rules": {
      "@": {
        ".additional-image": "padding:calc(%spx / 2)"
      }
    }
  },
  "AdditionalImageBackground": {
    "type": "Background",
    "selector": ".additional-images img"
  },
  "AdditionalImagesHeightAdjustment": {
    "type": "InputNumber",
    "js": true
  },
  "AdditionalImagesBG": {
    "type": "Background",
    "selector": ".additional-images"
  },
  "AdditionalImagesGutter": {
    "type": "Margin",
    "selector": ".additional-images",
    "php": true
  },
  "AdditionalPadding": {
    "type": "Padding",
    "selector": ".additional-images",
    "php": true
  },
  "AdditionalImagesContainerBorder": {
    "type": "Border",
    "selector": ".additional-images",
    "php": true
  },
  "AdditionalImagesBorder": {
    "type": "Border",
    "selector": ".additional-images img",
    "php": true
  },
  "AdditionalImagesBorderHover": {
    "type": "Color",
    "property": "border-color",
    "selector": ".additional-images img:hover"
  },
  "AdditionalImagesBorderActive": {
    "type": "Color",
    "property": "border-color",
    "selector": ".additional-images .swiper-slide-active img"
  },
  "AdditionalImagesBorderRadius": {
    "type": "BorderRadius",
    "selector": ".additional-images img"
  },
  "AdditionalImagesShadow": {
    "type": "Shadow",
    "selector": ".additional-images img"
  },
  "AdditionalImagesShadowHover": {
    "type": "Shadow",
    "selector": ".additional-images img:hover"
  },
  "DetailsFont": {
    "type": "Font",
    "selector": ".product-info .product-details > div"
  },
  "DetailsBoxStyles": {
    "include": "common",
    "selector_prefix": ".product-info .product-details > div"
  },
  "Stats": {
    "type": "Toggle",
    "php": true
  },
  "StatsBoxStyles": {
    "include": "common",
    "selector_prefix": ".product-info .product-details .product-stats"
  },
  "StatsSortOrder": {
    "type": "InputNumber",
    "selector": ".route-product-product:not(.popup) .product-info .product-details .product-stats",
    "property": "order:%s"
  },
  "StatsLabelFont": {
    "type": "Font",
    "selector": ".product-info .product-stats b"
  },
  "StatsValueFont": {
    "type": "Font",
    "selector": ".product-info .product-stats span"
  },
  "BrandNameVisibility": {
    "type": "Toggle",
    "rules": {
      "true": {
        ".product-info .product-details .brand-image a span": "display: block"
      },
      "false": {
        ".product-info .product-details .brand-image a span": "display: none"
      }
    }
  },
  "BrandImageBox": {
    "include": "common",
    "selector_prefix": ".product-info .product-details .brand-image a"
  },
  "StatsIcon": {
    "type": "Icon",
    "selector": ".product-info .product-stats li::before",
    "value": {
      "icon": {
        "name": "circle",
        "code": "f111",
        "size": "10"
      }
    }
  },
  "StatsMaxHeight": {
    "type": "InputNumber",
    "selector": ".product-info .product-stats ul",
    "property": "max-height:%spx"
  },
  "StatsPosition": {
    "type": "Radio",
    "value": "default",
    "php": true
  },
  "StatsPriceAlign": {
    "type": "Radio",
    "value": "side",
    "rules": {
      "side": {
        ".route-product-product:not(.popup) .product-info .product-price-group": "flex-direction:row",
        ".route-product-product:not(.popup) .product-info .product-price-group .product-stats": "order:2; margin-left:auto"
      },
      "top": {
        ".route-product-product:not(.popup) .product-info .product-price-group": "flex-direction:column",
        ".route-product-product:not(.popup) .product-info .product-price-group .product-stats": "order:-1; margin:initial"
      }
    },
    "rtlRules": {
      "side": {
        ".route-product-product:not(.popup) .product-info .product-price-group": "flex-direction:row",
        ".route-product-product:not(.popup) .product-info .product-price-group .product-stats": "order:2; margin-right:auto"
      },
      "top": {
        ".route-product-product:not(.popup) .product-info .product-price-group": "flex-direction:column",
        ".route-product-product:not(.popup) .product-info .product-price-group .product-stats": "order:-1; margin:initial"
      }
    }
  },
  "ProductManufacturerDisplay": {
    "type": "Radio",
    "value": "list",
    "php": true,
    "rules": {
      "list": {
        ".product-info .product-stats ul": "width:100%"
      }
    }
  },
  "BrandNameLink": {
    "type": "Font",
    "selector": ".product-info .product-manufacturer a"
  },
  "BrandNameLinkHover": {
    "type": "Font",
    "selector": ".product-info .product-manufacturer a:hover"
  },
  "ProductManufacturer": {
    "type": "Toggle",
    "value": "true",
    "php": true
  },
  "ProductManufacturerText": {
    "type": "InputLang",
    "value": "Brand",
    "php": true
  },
  "ProductModel": {
    "type": "Toggle",
    "value": "false",
    "php": true
  },
  "ProductModelText": {
    "type": "InputLang",
    "value": "Model",
    "php": true
  },
  "ProductSKU": {
    "type": "Toggle",
    "value": "false",
    "php": true
  },
  "ProductSKUText": {
    "type": "InputLang",
    "value": "SKU",
    "php": true
  },
  "ProductUPC": {
    "type": "Toggle",
    "value": "false",
    "php": true
  },
  "ProductUPCText": {
    "type": "InputLang",
    "value": "UPC",
    "php": true
  },
  "ProductEAN": {
    "type": "Toggle",
    "value": "false",
    "php": true
  },
  "ProductEANText": {
    "type": "InputLang",
    "value": "EAN",
    "php": true
  },
  "ProductJAN": {
    "type": "Toggle",
    "value": "false",
    "php": true
  },
  "ProductJANText": {
    "type": "InputLang",
    "value": "JAN",
    "php": true
  },
  "ProductISBN": {
    "type": "Toggle",
    "value": "false",
    "php": true
  },
  "ProductISBNText": {
    "type": "InputLang",
    "value": "ISBN",
    "php": true
  },
  "ProductMPN": {
    "type": "Toggle",
    "value": "false",
    "php": true
  },
  "ProductMPNText": {
    "type": "InputLang",
    "value": "MPN",
    "php": true
  },
  "ProductLocation": {
    "type": "Toggle",
    "value": "false",
    "php": true
  },
  "ProductLocationText": {
    "type": "InputLang",
    "value": "Location",
    "php": true
  },
  "ProductWeight": {
    "type": "Toggle",
    "value": "false",
    "php": true
  },
  "ProductWeightText": {
    "type": "InputLang",
    "value": "Weight",
    "php": true
  },
  "ProductDimension": {
    "type": "Toggle",
    "value": "false",
    "php": true
  },
  "ProductDimensionText": {
    "type": "InputLang",
    "value": "Dimensions",
    "php": true
  },
  "ProductReward": {
    "type": "Toggle",
    "value": "true",
    "php": true
  },
  "ProductRewardText": {
    "type": "InputLang",
    "value": "Reward Points",
    "php": true
  },
  "ProductPointsText": {
    "type": "InputLang",
    "value": "Points",
    "php": true
  },
  "ProductStock": {
    "type": "Toggle",
    "value": "true",
    "php": true
  },
  "ProductStockUpdate": {
    "type": "Toggle",
    "value": "false",
    "js": true
  },
  "ProductStockText": {
    "type": "InputLang",
    "value": "Stock",
    "php": true
  },
  "ProductInStockText": {
    "type": "InputLang",
    "value": "In Stock",
    "php": true
  },
  "InStockFont": {
    "type": "Font",
    "selector": ".product-info .product-stats .in-stock span"
  },
  "OutStockFont": {
    "type": "Font",
    "selector": ".product-info .product-stats .out-of-stock span"
  },
  "InStockIcon": {
    "type": "Icon",
    "selector": ".product-info .product-stats .product-stock.in-stock::before"
  },
  "OutStockIcon": {
    "type": "Icon",
    "selector": ".product-info .product-stats .product-stock.out-of-stock::before"
  },
  "StockLabelVisibility": {
    "type": "Toggle",
    "rules": {
      "true": {
        ".product-info .product-stats .product-stock b": "display: block"
      },
      "false": {
        ".product-info .product-stats .product-stock b": "display: none"
      }
    }
  },
  "StockBox": {
    "include": "common",
    "selector_prefix": ".product-info .product-stats .product-stock"
  },
  "CustomStats": {
    "type": "Toggle",
    "value": "false",
    "php": true
  },
  "ProductViews": {
    "type": "Toggle",
    "php": true
  },
  "ViewsText": {
    "type": "InputLang",
    "php": true,
    "value": "Product Views:"
  },
  "ViewsIcon": {
    "type": "Icon",
    "selector": ".product-stats .product-views::before",
    "value": {
      "icon": {
        "name": "eye",
        "code": "f06e"
      }
    }
  },
  "ProductSold": {
    "type": "Toggle",
    "php": true
  },
  "SoldText": {
    "type": "InputLang",
    "php": true,
    "value": "Products Sold:"
  },
  "SoldIcon": {
    "type": "Icon",
    "selector": ".product-stats .product-sold::before",
    "value": {
      "icon": {
        "name": "monetization_on",
        "code": "e263"
      }
    }
  },
  "SoldViewPosition": {
    "type": "Radio",
    "value": "bottom",
    "rules": {
      "top": {
        ".product-info .product-details .custom-stats": "order:-1"
      },
      "bottom": {
        ".product-info .product-details .custom-stats": "order:initial"
      }
    }
  },
  "SoldLabelFont": {
    "type": "Font",
    "selector": ".product-info .product-stats .product-sold b"
  },
  "SoldValueFont": {
    "type": "Font",
    "selector": ".product-info .product-stats .product-sold span"
  },
  "SoldViewBoxStyles": {
    "include": "common",
    "selector_prefix": ".product-info .product-details .custom-stats"
  },
  "ViewsLabelFont": {
    "type": "Font",
    "selector": ".product-info .product-stats .product-views b"
  },
  "ViewsValueFont": {
    "type": "Font",
    "selector": ".product-info .product-stats .product-views span"
  },
  "StatsAlign": {
    "type": "Radio",
    "value": "apart",
    "rules": {
      "left": {
        ".product-info .custom-stats": "justify-content:flex-start"
      },
      "center": {
        ".product-info .custom-stats": "justify-content:center"
      },
      "right": {
        ".product-info .custom-stats": "justify-content:flex-end"
      },
      "apart": {
        ".product-info .custom-stats": "justify-content:space-between"
      },
      "atop": {
        ".product-info .custom-stats": "flex-direction: column; align-items: flex-start"
      }
    }
  },
  "RatingAlign": {
    "type": "Radio",
    "value": "left",
    "rules": {
      "left": {
        ".product-info .product-details .rating": "justify-content:flex-start"
      },
      "center": {
        ".product-info .product-details .rating": "justify-content:center"
      },
      "right": {
        ".product-info .product-details .rating": "justify-content:flex-end"
      }
    }
  },
  "RatingSortOrder": {
    "type": "InputNumber",
    "selector": ".route-product-product:not(.popup) .product-info .product-details .rating",
    "property": "order:%s"
  },
  "RatingFont": {
    "type": "Font",
    "selector": ".product-info .product-details .rating div a, .product-info .product-details .rating div b"
  },
  "RatingFontHover": {
    "type": "Font",
    "selector": ".product-info .product-details .rating div a:hover"
  },
  "RatingSeparator": {
    "type": "Input",
    "selector": ".product-info .product-details .rating b",
    "value": "-",
    "php": true
  },
  "RatingVisibility": {
    "type": "Toggle",
    "rules": {
      "true": {
        ".product-info .product-details .rating": "display: flex"
      },
      "false": {
        ".product-info .product-details .rating": "display: none"
      }
    }
  },
  "RatingPadding": {
    "type": "Padding",
    "selector": ".product-info .product-details .review-links"
  },
  "RatingStars": {
    "type": "Variable",
    "variable": "stars",
    "selector_prefix": ".product-info .product-details"
  },
  "RatingBoxStyles": {
    "include": "common",
    "selector_prefix": ".product-info .product-details .rating"
  },
  "CountdownVisibility": {
    "type": "Toggle",
    "value": "true",
    "rules": {
      "true": {
        ".product-info .product-details .countdown-wrapper": "display: block"
      },
      "false": {
        ".product-info .product-details .countdown-wrapper": "display: none"
      }
    }
  },
  "CountdownMaxWidth": {
    "type": "InputNumber",
    "rules":{
      "@":{
        ".product-info .product-details .countdown-wrapper .countdown": "width:%s%"
      }
    }
  },
  "CountdownText": {
    "type": "InputLang",
    "value": "This offer ends in:",
    "php": true
  },
  "CountdownBoxStyles": {
    "include": "common",
    "selector_prefix": ".product-info .product-details .countdown-wrapper"
  },
  "CountdownTextBoxStyles": {
    "include": "common",
    "selector_prefix": ".product-info .product-details .countdown-title"
  },
  "CountdownTitle": {
    "type": "Variable",
    "variable": "title",
    "selector_prefix": ".product-info .product-details .countdown-title"
  },
  "Countdown": {
    "type": "Variable",
    "variable": "countdown",
    "selector_prefix": ".product-info .product-details"
  },
  "CountdownOrder": {
    "type": "InputNumber",
    "selector": ".product-info .product-details .countdown-wrapper",
    "property": "order:%s"
  },
  "PriceSortOrder": {
    "type": "InputNumber",
    "selector": ".route-product-product:not(.popup) .product-info .product-details .product-price-group",
    "property": "order:%s"
  },
  "PriceAlign": {
    "type": "Radio",
    "value": "left",
    "rules": {
      "left": {
        ".product-info .product-details .product-price-group": "text-align:left; justify-content:flex-start"
      },
      "center": {
        ".product-info .product-details .product-price-group": "text-align:center; justify-content:center"
      },
      "right": {
        ".product-info .product-details .product-price-group": "text-align:right; justify-content:flex-end"
      }
    }
  },
  "PriceBoxStyles": {
    "include": "common",
    "selector_prefix": ".product-info .product-details .product-price-group"
  },
  "PriceFont": {
    "type": "Font",
    "selector": ".product-info .product-details .price-group"
  },
  "NewPriceFont": {
    "type": "Font",
    "selector": ".product-info .product-details .price-group .product-price-new"
  },
  "PriceUpdate": {
    "type": "Toggle",
    "value": "false",
    "js": true
  },
  "PriceNewBoxStyles": {
    "include": "common",
    "selector_prefix": ".route-product-product:not(.popup) .product-info .product-details .product-price, .route-product-product:not(.popup) .product-info .product-details .product-price-new"
  },
  "PriceGroupBoxStyles": {
    "include": "common",
    "selector_prefix": ".route-product-product:not(.popup) .product-info .product-details .price-group"
  },
  "OldPriceDisplay": {
    "type": "Radio",
    "value": "left",
    "rules": {
      "top": {
        ".route-product-product:not(.popup) .product-info .product-details .price-group": "flex-direction:column; align-items:flex-start",
        ".route-product-product:not(.popup) .product-info .product-details .product-price-new": "order:2"
      },
      "left": {
        ".route-product-product:not(.popup) .product-info .product-details .price-group": "flex-direction:row; align-items:center",
        ".route-product-product:not(.popup) .product-info .product-details .product-price-new": "order:2"
      },
      "right": {
        ".route-product-product:not(.popup) .product-info .product-details .price-group": "flex-direction:row; align-items:center",
        ".route-product-product:not(.popup) .product-info .product-details .product-price-new": "order:-1"
      }
    }
  },
  "PriceVisibility": {
    "type": "Toggle",
    "rules": {
      "true": {
        ".product-info .product-details .product-price-group": "display: flex"
      },
      "false": {
        ".product-info .product-details .product-price-group": "display: none"
      }
    }
  },
  "OldPriceVisibility": {
    "type": "Toggle",
    "rules": {
      "true": {
        ".product-info .product-details .price-group .product-price-old": "display: block"
      },
      "false": {
        ".product-info .product-details .price-group .product-price-old": "display: none"
      }
    }
  },
  "OldPriceFont": {
    "type": "Font",
    "selector": ".product-info .product-details .price-group .product-price-old"
  },
  "PriceOldBoxStyles": {
    "include": "common",
    "selector_prefix": ".route-product-product:not(.popup) .product-info .product-details .product-price-old"
  },
  "RewardsFont": {
    "type": "Font",
    "selector": ".product-info .product-details .product-points"
  },
  "RewardsVisibility": {
    "type": "Toggle",
    "value": "true",
    "rules": {
      "true": {
        ".product-info .product-details .product-points": "display:block"
      },
      "false": {
        ".product-info .product-details .product-points": "display: none"
      }
    }
  },
  "RewardsBox": {
    "include": "common",
    "selector_prefix": ".product-info .product-details .product-points"
  },
  "TaxVisibility": {
    "type": "Toggle",
    "value": "true",
    "rules": {
      "true": {
        ".product-info .product-details .product-tax": "display:block"
      },
      "false": {
        ".product-info .product-details .product-tax": "display: none"
      }
    }
  },
  "TaxFont": {
    "type": "Font",
    "selector": ".product-info .product-details .product-tax"
  },
  "TaxBox": {
    "include": "common",
    "selector_prefix": ".product-info .product-details .product-tax"
  },
  "DiscountVisibility": {
    "type": "Toggle",
    "value": "true",
    "rules": {
      "true": {
        ".product-info .product-details .discounts": "display:block"
      },
      "false": {
        ".product-info .product-details .discounts": "display: none"
      }
    }
  },

  "DiscountFont": {
    "type": "Font",
    "selector": ".product-info .product-details .product-discount"
  },
  "DiscountsBox": {
    "include": "common",
    "selector_prefix": ".product-info .product-details .discounts"
  },
  "OptionsBoxStyles": {
    "include": "common",
    "selector_prefix": ".route-product-product:not(.popup) .product-info .product-details .product-options"
  },
  "OptionsWidth": {
    "type": "InputNumber",
    "value": "",
    "rules":{
      "@":{
        ".route-product-product:not(.popup) .product-info .product-details .product-options": "max-width:%s%"
      }
    }
  },
  "OptionsSortOrder": {
    "type": "InputNumber",
    "selector": ".route-product-product:not(.popup) .product-info .product-details .product-options",
    "property": "order:%s"
  },
  "OptionsTitleVisibility": {
    "type": "Toggle",
    "value": "false",
    "rules": {
      "true": {
        ".route-product-product:not(.popup) .product-info .product-details .product-options > .options-title": "display: block"
      },
      "false": {
        ".route-product-product:not(.popup) .product-info .product-details .product-options > .options-title": "display: none"
      }
    }
  },
  "OptionsTitleRecurringVisibility": {
    "type": "Toggle",
    "value": "true",
    "rules": {
      "true": {
        ".product-info .product-details .product-options > h3": "display: block"
      },
      "false": {
        ".product-info .product-details .product-options > h3": "display: none"
      }
    }
  },
  "OptionsTitle": {
    "type": "Variable",
    "variable": "title",
    "selector_prefix": ".product-info .product-details .product-options > h3"
  },
  "OptionsFormStyle": {
    "type": "Variable",
    "variable": "form",
    "selector_prefix": ".product-options"
  },
  "OptionPrice": {
    "type": "Toggle",
    "value": "true",
    "php": true
  },
  "OptionsSelect": {
    "type": "Radio",
    "value": "none",
    "js": true
  },
  "OptionsPushRadio": {
    "type": "Toggle",
    "value": "false",
    "php": true
  },
  "OptionsPushCheckbox": {
    "type": "Toggle",
    "value": "false",
    "php": true
  },
  "PushOptionsFont": {
    "type": "Font",
    "selector": ".product-info .product-options .push-option > div .option-value"
  },
  "PushOptionsSpacing": {
    "type": "Input",
    "rules": {
      "@": {
        ".product-info .product-options .push-option > div .option-value": "margin-right:%spx; margin-bottom:%spx"
      }
    },
    "rtlRules": {
      "@": {
        ".product-info .product-options .push-option > div .option-value": "margin-left:%spx; margin-bottom:%spx"
      }
    }
  },
  "PushImageSpacing": {
    "type": "Input",
    "rules": {
      "@": {
        ".product-info .product-options .push-option > div label": "margin-right:%spx; margin-bottom:%spx"
      }
    },
    "rtlRules": {
      "@": {
        ".product-info .product-options .push-option > div label": "margin-left:%spx; margin-bottom:%spx"
      }
    }
  },
  "PushImageWidth": {
    "type": "Input",
    "rules": {
      "@": {
        ".product-info .product-options .push-option > div img": "max-width:%spx"
      }
    }
  },
  "PushOptionsSize": {
    "type": "InputPair",
    "selector": ".product-info .product-options .push-option > div .option-value",
    "properties": {
      "first": "min-width:%spx",
      "second": "min-height:%spx"
    }
  },
  "PushOptionsFontHover": {
    "type": "Font",
    "selector": ".product-info .product-options .push-option > div .option-value:hover, .product-info .product-options .push-option > div input:checked + .option-value"
  },
  "PushOptionsFontActive": {
    "type": "Font",
    "selector": ".product-info .product-options .push-option > div input:checked + .option-value"
  },
  "PushOptionsBackground": {
    "type": "Background",
    "selector": ".product-info .product-options .push-option > div .option-value"
  },
  "PushOptionsBackgroundHover": {
    "type": "Background",
    "selector": ".product-info .product-options .push-option > div .option-value:hover, .product-info .product-options .push-option > div input:checked + .option-value"
  },
  "PushOptionsBackgroundActive": {
    "type": "Background",
    "selector": ".product-info .product-options .push-option > div input:checked + .option-value"
  },
  "PushOptionsBorder": {
    "type": "Border",
    "selector": ".product-info .product-options .push-option > div .option-value"
  },
  "PushOptionsBorderHover": {
    "type": "Color",
    "selector": ".product-info .product-options .push-option > div .option-value:hover, .product-info .product-options .push-option > div input:checked + .option-value",
    "property": "border-color",
    "desktop":true
  },
  "PushOptionsBorderActive": {
    "type": "Color",
    "selector": ".product-info .product-options .push-option > div input:checked + .option-value",
    "property": "border-color"
  },
  "PushOptionsShadow": {
    "type": "Shadow",
    "selector": ".product-info .product-options .push-option > div .option-value"
  },
  "PushOptionsShadowHover": {
    "type": "Shadow",
    "selector": ".product-info .product-options .push-option > div .option-value:hover, .product-info .product-options .push-option > div input:checked + .option-value"
  },
  "PushOptionsShadowActive": {
    "type": "Shadow",
    "selector": ".product-info .product-options .push-option > div input:checked + .option-value"
  },
  "PushOptionsBorderRadius": {
    "type": "BorderRadius",
    "selector": ".product-info .product-options .push-option > div .option-value"
  },
  "PushImageBorder": {
    "type": "Border",
    "selector": ".product-info .product-options .push-option > div img"
  },
  "PushImageBorderHover": {
    "type": "Color",
    "selector": ".product-info .product-options .push-option > div img:hover, .product-info .product-options .push-option > div input:checked + img",
    "property": "border-color",
    "desktop":true
  },
  "PushImageBorderActive": {
    "type": "Color",
    "selector": ".product-info .product-options .push-option > div input:checked + img",
    "property": "border-color"
  },
  "PushImageShadow": {
    "type": "Shadow",
    "selector": ".product-info .product-options .push-option > div img"
  },
  "PushImageShadowHover": {
    "type": "Shadow",
    "selector": ".product-info .product-options .push-option > div img:hover"
  },
  "PushImageShadowActive": {
    "type": "Shadow",
    "selector": ".product-info .product-options .push-option > div input:checked + img",
    "value": {
      "offsetX": "0",
      "offsetY": "0",
      "blur": "8",
      "color": "rgba(0,0,0,.7)",
      "inner": "true"
    }
  },
  "PushImageBorderRadius": {
    "type": "BorderRadius",
    "selector": ".product-info .product-options .push-option > div img"
  },
  "PushTooltipPosition": {
    "type": "Radio",
    "value": "top",
    "php": true
  },
  "PushTooltip": {
    "type": "Variable",
    "variable": "tooltip",
    "selector_prefix": ".push-tooltip"
  },
  "NameVisibility": {
    "type": "Toggle",
    "value": "false",
    "rules": {
      "true": {
        ".product-info .product-options .push-option input + img + .option-value": "display: block"
      },
      "false": {
        ".product-info .product-options .push-option input + img + .option-value": "display: none"
      }
    }
  },
  "NameMargin": {
    "type": "Margin",
    "selector": ".product-info .product-options .push-option input + img + .option-value"
  },
  "NameFont": {
    "type": "Font",
    "selector": ".product-info .product-options .push-option input + img + .option-value"
  },
  "ButtonsDisplay": {
    "type": "Radio",
    "value": "normal",
    "rules": {
      "normal": {
        ".route-product-product:not(.popup) .product-info .product-details .button-group-page": "position: static; width:auto; z-index: 1;",
        ".has-bottom-menu.route-product-product .bottom-menu":"display:block"
      },
      "fixed": {
        ".route-product-product:not(.popup) .product-info .product-details .button-group-page": "position: fixed; width:100%; z-index: 10000; margin:0",
        ".route-product-product:not(.popup).has-bottom-menu .bottom-menu":"display:none",
        ".route-product-product:not(.popup).has-bottom-menu .site-wrapper": "padding-bottom: 0"
      }
    }
  },
  "BodyPadding": {
    "type": "InputNumber",
    "rules":{
      "@":{
        ".route-product-product:not(.popup) body": "padding-bottom: %spx",
        ".route-product-product .scroll-top": "bottom: calc(%spx + 10px)"
      }
    }
  },

  "ButtonsMaxWidth": {
    "type": "InputNumber",
    "rules":{
      "@":{
        ".route-product-product:not(.popup) .product-info .product-details .buttons-wrapper": "max-width: %spx"
      }
    }
  },

  "ButtonsBoxStyles": {
    "include": "common",
    "selector_prefix": ".route-product-product:not(.popup) .product-info .product-details .button-group-page"
  },
  "ButtonsSortOrder": {
    "type": "InputNumber",
    "selector": ".route-product-product:not(.popup) .product-info .product-details .button-group-page",
    "property": "order:%s"
  },
  "QtyTextVisibility": {
    "type": "Toggle",
    "value": "false",
    "rules": {
      "true": {
        ".product-info .product-details .stepper .control-label": "display: block"
      },
      "false": {
        ".product-info .product-details .stepper .control-label": "display: none"
      }
    }
  },

  "QtyTextFont": {
    "type": "Font",
    "selector": ".product-info .product-details .stepper .control-label"
  },
  "QtyTextOffset": {
    "type": "InputPair",
    "selector": ".product-info .product-details .stepper .control-label",
    "properties": {
      "first": "left:%spx",
      "second": "top:%spx"
    }
  },

  "QtySelectorVisibility": {
    "type": "Toggle",
    "value": "true",
    "rules": {
      "true": {
        ".product-info .button-group-page .stepper": "display: flex"
      },
      "false": {
        ".product-info .button-group-page .stepper": "display: none"
      }
    }
  },
  "QtySelector": {
    "type": "Variable",
    "variable": "stepper",
    "selector_prefix": ".product-info .button-group-page"
  },
  "QtyHeight": {
    "type": "InputNumber",
    "rules": {
      "@": {
        ".route-product-product:not(.popup) .product-info .button-group-page .stepper": "height:%spx"
      }
    }
  },
  "QtyMargin": {
    "type": "Margin",
    "selector": ".route-product-product:not(.popup) .product-info .button-group-page .stepper"
  },
  "CartVisibility": {
    "type": "Toggle",
    "value": "true",
    "rules": {
      "true": {
        ".product-info .button-group-page .btn-cart": "display:inline-flex"
      },
      "false": {
        ".product-info .button-group-page .btn-cart": "display:none"
      }
    }
  },

  "TagsSort": {
    "type": "InputNumber",
    "selector": ".route-product-product .tags",
    "property": "order:%s"
  },

  "TagsVisibility": {
    "type": "Toggle",
    "rules": {
      "true": {
        ".route-product-product .tags": "display: flex"
      },
      "false": {
        ".route-product-product .tags": "display: none"
      }
    }
  },

  "TagsPosition": {
    "type": "Radio",
    "value": "default",
    "php": true
  },

  "TagsAlign": {
    "type": "Radio",
    "value": "left",
    "rules": {
      "left": {
        ".route-product-product .tags": "justify-content:flex-start"
      },
      "center": {
        ".route-product-product .tags": "justify-content:center"
      },
      "right": {
        ".route-product-product .tags": "justify-content:flex-end"
      }
    }
  },
  "TagsMargin": {
    "type": "Margin",
    "selector": ".route-product-product .tags"
  },
  "CartStockVisibility": {
    "type": "Toggle",
    "value": "",
    "rules": {
      "true": {
        ".product-info.out-of-stock .button-group-page .stepper": "display:flex",
        ".product-info.out-of-stock .button-group-page #button-cart": "display:inline-flex"
      },
      "false": {
        ".product-info.out-of-stock .button-group-page .stepper": "display:none",
        ".product-info.out-of-stock .button-group-page #button-cart": "display:none"
      }
    }
  },

  "Extra1StockVisibility": {
    "type": "Toggle",
    "value": "",
    "rules": {
      "true": {
        ".product-info.out-of-stock .button-group-page .extra-group .btn-extra:first-child": "display:inline-flex"
      },
      "false": {
        ".product-info.out-of-stock .button-group-page .extra-group .btn-extra:first-child": "display:none"
      }
    }
  },
  "Extra2StockVisibility": {
    "type": "Toggle",
    "value": "",
    "rules": {
      "true": {
        ".product-info.out-of-stock .button-group-page .extra-group .btn-extra + .btn-extra": "display:inline-flex"
      },
      "false": {
        ".product-info.out-of-stock .button-group-page .extra-group .btn-extra + .btn-extra": "display:none"
      }
    }
  },


  "CartDisplay": {
    "type": "Radio",
    "value": "text",
    "rules": {
      "text": {
        ".route-product-product:not(.popup) .product-info .button-group-page .btn-cart::before": "display:none",
        ".route-product-product:not(.popup) .product-info .button-group-page .btn-cart .btn-text": "display:inline-block; padding:0;"
      },
      "both": {
        ".route-product-product:not(.popup) .product-info .button-group-page .btn-cart::before": "display:inline-block",
        ".route-product-product:not(.popup) .product-info .button-group-page .btn-cart .btn-text": "display:inline-block"
      },
      "icon": {
        ".route-product-product:not(.popup) .product-info .button-group-page .btn-cart::before": "display:inline-block",
        ".route-product-product:not(.popup) .product-info .button-group-page .btn-cart .btn-text": "display:none"
      }
    },
    "php": true
  },

  "ExtraGroupWidth": {
    "type": "Radio",
    "value": "auto",
    "rules": {
      "full": {
        ".product-info .button-group-page .extra-group": "width:100%; flex-grow:1"
      },
      "auto": {
        ".product-info .button-group-page .extra-group": "width:auto; flex-grow:initial"
      }
    }
  },
  "ExtraWidth": {
    "type": "Radio",
    "value": "full",
    "rules": {
      "full": {
        ".product-info .button-group-page .btn-extra": "flex:1; width:100%"
      },
      "auto": {
        ".product-info .button-group-page .btn-extra": "flex:initial; width:auto"
      }
    }
  },
  "ExtraWidth2": {
    "type": "Radio",
    "value": "full",
    "rules": {
      "full": {
        ".product-info .button-group-page .btn-extra + .btn-extra": "flex:1; width:100%"
      },
      "auto": {
        ".product-info .button-group-page .btn-extra + .btn-extra": "flex:initial; width:auto"
      }
    }
  },

  "ExtraButtonsAlign": {
    "type": "Radio",
    "value": "left",
    "rules": {
      "left": {
        ".product-info .product-details .buttons-wrapper .extra-group": "justify-content: flex-start; align-items: flex-start"
      },
      "center": {
        ".product-info .product-details .buttons-wrapper .extra-group": "justify-content: center; align-items: center"
      },
      "right": {
        ".product-info .product-details .buttons-wrapper .extra-group": "justify-content: flex-end; align-items: flex-end"
      }
    }
  },

  "ExtraOrientation": {
    "type": "Radio",
    "value": "h",
    "rules": {
      "h": {
        ".product-info .button-group-page .extra-group": "flex-direction:row"
      },
      "v": {
        ".product-info .button-group-page .extra-group": "flex-direction:column"
      }
    }
  },

  "CartWidth": {
    "type": "Radio",
    "value": "auto",
    "rules": {
      "full": {
        ".route-product-product:not(.popup) .product-info .button-group-page .btn-cart": "flex-grow:1",
        ".route-product-product:not(.popup) .product-info .button-group-page .stepper-group": "flex-grow:1"
      },
      "auto": {
        ".route-product-product:not(.popup) .product-info .button-group-page .btn-cart": "flex-grow:initial",
        ".route-product-product:not(.popup) .product-info .button-group-page .stepper-group": "flex-grow:initial"
      }
    }
  },

  "CartHeight": {
    "type": "InputNumber",
    "rules":{
      "@":{
        ".route-product-product:not(.popup) .product-info .button-group-page .btn-cart": "height:%spx"
      }
    }
  },
  "CartMargin": {
    "type": "Margin",
    "selector": ".route-product-product:not(.popup) .product-info .button-group-page .btn-cart"
  },


  "CartBorderRadius": {
    "type": "BorderRadius",
    "selector": ".product-info .button-group-page .btn-cart",
    "important": true
  },
  "CartIcon": {
    "type": "Icon",
    "selector": ".product-info .button-group-page .btn-cart::before",
    "value": {
      "icon": {
        "name": "iconmonstr-shopping-cart-6",
        "code": "ea9b"
      }
    }
  },
  "CartIconHover": {
    "type": "Color",
    "property": "color:%s",
    "selector": ".desktop .product-info .button-group-page .btn-cart:hover::before"
  },
  "CartButton": {
    "type": "Variable",
    "variable": "button",
    "selector_prefix": ".product-info .button-group-page .btn-cart&"
  },
  "CartTooltipPosition": {
    "type": "Radio",
    "value": "top",
    "php": true
  },
  "CartTooltip": {
    "type": "Variable",
    "variable": "tooltip",
    "selector_prefix": ".pp-cart-tooltip"
  },
  "CartTooltipStatus": {
    "type": "Toggle",
    "php": true
  },


  "ExtraButton": {
    "type": "Variable",
    "variable": "button",
    "selector_prefix": ".product-info .button-group-page .btn-extra&"
  },

  "ExtraButton2": {
    "type": "Variable",
    "variable": "button",
    "selector_prefix": ".product-info .button-group-page .btn-extra + .btn-extra&"
  },

  "ExtraVisibility": {
    "type": "Toggle",
    "rules": {
      "true": {
        ".product-info .button-group-page .extra-group": "display:flex"
      },
      "false": {
        ".product-info .button-group-page .extra-group": "display:none"
      }
    }
  },

  "Extra1Visibility": {
    "type": "Toggle",
    "value": "",
    "rules": {
      "true": {
        ".product-info .button-group-page .btn-extra:first-child": "display:inline-flex"
      },
      "false": {
        ".product-info .button-group-page .btn-extra:first-child": "display:none"
      }
    }
  },

  "Extra2Visibility": {
    "type": "Toggle",
    "value": "",
    "rules": {
      "true": {
        ".product-info .button-group-page .btn-extra + .btn": "display:inline-flex"
      },
      "false": {
        ".product-info .button-group-page .btn-extra + .btn": "display:none"
      }
    }
  },

  "Extra1ButtonDisplay": {
    "type": "Radio",
    "value": "both",
    "rules": {
      "icon": {
        ".product-info .button-group-page .extra-group .btn:first-child .btn-text": "display:none",
        ".product-info .button-group-page .extra-group .btn:first-child::before": "display:inline-block"
      },
      "text": {
        ".product-info .button-group-page .extra-group .btn:first-child::before": "display:none",
        ".product-info .button-group-page .extra-group .btn:first-child .btn-text": "display:inline-block; padding:0;"
      },
      "both": {
        ".product-info .button-group-page .extra-group .btn:first-child::before": "display:inline-block",
        ".product-info .button-group-page .extra-group .btn:first-child .btn-text": "display:inline-block; padding:0 .4em"
      }
    },
    "php": true
  },
  "Extra2ButtonDisplay": {
    "type": "Radio",
    "value": "both",
    "rules": {
      "icon": {
        ".product-info .button-group-page .btn-extra + .btn .btn-text": "display:none",
        ".product-info .button-group-page .btn-extra + .btn::before": "display:inline-block"
      },
      "text": {
        ".product-info .button-group-page .btn-extra + .btn::before": "display:none",
        ".product-info .button-group-page .btn-extra + .btn .btn-text": "display:inline-block; padding:0;"
      },
      "both": {
        ".product-info .button-group-page .btn-extra + .btn::before": "display:inline-block",
        ".product-info .button-group-page .btn-extra + .btn .btn-text": "display:inline-block; padding:0 .4em"
      }
    },
    "php": true
  },
  "ExtraHeight": {
    "type": "InputNumber",
    "rules":{
      "@":{
        ".route-product-product:not(.popup) .product-info .button-group-page .btn-extra": "height:%spx"
      }
    }
  },
  "ExtraMargin1": {
    "type": "Margin",
    "selector": ".product-info .button-group-page .extra-group .btn-extra:first-child"
  },
  "ExtraMargin2": {
    "type": "Margin",
    "selector": ".product-info .button-group-page .extra-group .btn-extra + .btn-extra"
  },
  "Extra1BorderRadius": {
    "type": "BorderRadius",
    "selector": ".product-info .button-group-page .extra-group .btn-extra:first-child",
    "important": true
  },
  "Extra2BorderRadius": {
    "type": "BorderRadius",
    "selector": ".product-info .button-group-page .extra-group .btn-extra + .btn-extra",
    "important": true
  },
  "ExtraButtonIcon1": {
    "type": "Icon",
    "selector": ".product-info .button-group-page .extra-group .btn-extra:first-child::before"
  },
  "ExtraButtonIconHover1": {
    "type": "Icon",
    "selector": ".product-info .button-group-page .extra-group .btn-extra:first-child:hover::before",
    "property": "color"
  },
  "ExtraButtonIcon2": {
    "type": "Icon",
    "selector": ".product-info .button-group-page .extra-group .btn-extra:last-child::before"
  },
  "ExtraButtonIconHover2": {
    "type": "Color",
    "selector": ".product-info .button-group-page .extra-group .btn-extra:last-child:hover::before",
    "property": "color"
  },
  "ExtraMargin": {
    "type": "Margin",
    "selector": ".product-info .button-group-page .extra-group"
  },
  "ExtraIcon": {
    "type": "Icon",
    "selector": ".product-info .button-group-page .btn-extra::before"
  },
  "ExtraIconHover": {
    "type": "Color",
    "property": "color:%s",
    "selector": ".desktop .product-info .button-group-page .btn-extra:hover::before"
  },
  "ExtraButton": {
    "type": "Variable",
    "variable": "button",
    "selector_prefix": ".product-info .button-group-page .btn-extra&"
  },
  "ExtraTooltipStatus": {
    "type": "Toggle",
    "php": true
  },
  "ExtraTooltipPosition": {
    "type": "Radio",
    "value": "top",
    "php": true
  },
  "ExtraTooltip": {
    "type": "Variable",
    "variable": "tooltip",
    "selector_prefix": ".pp-cart-tooltip"
  },

  "WishButtonsBG": {
    "type": "Background",
    "selector": ".route-product-product:not(.popup) .product-info .product-details .button-group-page .wishlist-compare"
  },
  "WishButtonsBorder": {
    "type": "Border",
    "selector": ".route-product-product:not(.popup) .product-info .product-details .button-group-page .wishlist-compare"
  },
  "WishButtonsBorderRadius": {
    "type": "BorderRadius",
    "selector": ".route-product-product:not(.popup) .product-info .product-details .button-group-page .wishlist-compare"
  },

  "WishButtonsWidth": {
    "type": "Radio",
    "value": "auto",
    "rules": {
      "full": {
        ".route-product-product:not(.popup) .product-info .product-details .button-group-page .wishlist-compare": "width:100%",
        ".route-product-product:not(.popup) .product-info .button-group-page .stepper-group": "width:100%"
      },
      "auto": {
        ".route-product-product:not(.popup) .product-info .product-details .button-group-page .wishlist-compare": "width:auto",
        ".route-product-product:not(.popup) .product-info .button-group-page .stepper-group": "width:auto"
      }
    }
  },
  "WishHeight": {
    "type": "InputNumber",
    "rules":{
      "@":{
        ".route-product-product:not(.popup) .product-info .button-group-page .wishlist-compare .btn": "height:%spx"
      }
    }
  },
  "WishButtonsPadding": {
    "type": "Padding",
    "selector": ".route-product-product:not(.popup) .product-info .product-details .button-group-page .wishlist-compare"
  },
  "WishButtonsMargin": {
    "type": "Margin",
    "selector": ".route-product-product:not(.popup) .product-info .product-details .button-group-page .wishlist-compare"
  },
  "WishAlign": {
    "type": "Radio",
    "value": "center",
    "rules": {
      "left": {
        ".route-product-product:not(.popup) .product-info .button-group-page .wishlist-compare": "margin-left:0; margin-right:auto"
      },
      "center": {
        ".route-product-product:not(.popup) .product-info .button-group-page .wishlist-compare": "margin-left:auto; margin-right:auto"
      },
      "right": {
        ".route-product-product:not(.popup) .product-info .button-group-page .wishlist-compare": "margin-left:auto; margin-right:0"
      }
    },
    "rtlRules": {
      "left": {
        ".route-product-product:not(.popup) .product-info .button-group-page .wishlist-compare": "margin-left:auto; margin-right:0"
      },
      "center": {
        ".route-product-product:not(.popup) .product-info .button-group-page .wishlist-compare": "margin-left:auto; margin-right:auto"
      },
      "right": {
        ".route-product-product:not(.popup) .product-info .button-group-page .wishlist-compare": "margin-left:0; margin-right:auto"
      }
    }
  },
  "WishButtonsAlign": {
    "type": "Radio",
    "value": "center",
    "rules": {
      "left": {
        ".route-product-product:not(.popup) .product-info .button-group-page .wishlist-compare": "justify-content: flex-start; align-items: flex-start"
      },
      "center": {
        ".route-product-product:not(.popup) .product-info .button-group-page .wishlist-compare": "justify-content: center; align-items: center"
      },
      "right": {
        ".route-product-product:not(.popup) .product-info .button-group-page .wishlist-compare": "justify-content: flex-end; align-items: flex-end"
      }
    }
  },
  "WishOrientation": {
    "type": "Radio",
    "value": "h",
    "rules": {
      "h": {
        ".route-product-product:not(.popup) .product-info .button-group-page .wishlist-compare": "flex-direction:row"
      },
      "v": {
        ".route-product-product:not(.popup) .product-info .button-group-page .wishlist-compare": "flex-direction:column"
      }
    }
  },
  "WishlistVisibility": {
    "type": "Toggle",
    "value": "true",
    "rules": {
      "true": {
        ".route-product-product:not(.popup) .product-info .button-group-page .btn-wishlist": "display:inline-flex"
      },
      "false": {
        ".route-product-product:not(.popup) .product-info .button-group-page .btn-wishlist": "display:none"
      }
    }
  },
  "WishlistDisplay": {
    "type": "Radio",
    "value": "icon",
    "rules": {
      "icon": {
        ".route-product-product:not(.popup) .product-info .button-group-page .btn-wishlist .btn-text": "display:none"
      },
      "text": {
        ".route-product-product:not(.popup) .product-info .button-group-page .btn-wishlist::before": "display:none",
        ".route-product-product:not(.popup) .product-info .button-group-page .btn-wishlist .btn-text": "display:inline-block; padding:0;"
      },
      "both": {
        ".route-product-product:not(.popup) .product-info .button-group-page .btn-wishlist::before, .product-info .button-group-page .btn-wishlist .btn-text": "display:inline-block"
      }
    },
    "php": true
  },
  "WishlistWidth": {
    "type": "Radio",
    "value": "auto",
    "rules": {
      "full": {
        ".route-product-product:not(.popup) .product-info .button-group-page .wishlist-compare .btn-wishlist": "flex:1; width:100%"
      },
      "auto": {
        ".route-product-product:not(.popup) .product-info .button-group-page .wishlist-compare .btn-wishlist": "flex:initial; width:auto"
      }
    }
  },
  "WishlistMargin": {
    "type": "Margin",
    "selector": ".route-product-product:not(.popup) .product-info .button-group-page .btn-wishlist"
  },

  "WishBorderRadius": {
    "type": "BorderRadius",
    "selector": ".route-product-product:not(.popup) .product-info .button-group-page .btn-wishlist",
    "important": true
  },
  "WishlistIcon": {
    "type": "Icon",
    "selector": ".route-product-product:not(.popup) .product-info .button-group-page .btn-wishlist::before"
  },
  "WishlistIconHover": {
    "type": "Color",
    "property": "color:%s",
    "selector": ".desktop.route-product-product:not(.popup) .product-info .button-group-page .btn-wishlist:hover::before"
  },
  "WishlistButton": {
    "type": "Variable",
    "variable": "button",
    "selector_prefix": ".route-product-product:not(.popup) .product-info .button-group-page .btn-wishlist&"
  },
  "WishlistTooltipStatus": {
    "type": "Toggle",
    "php": true
  },
  "WishlistTooltipPosition": {
    "type": "Radio",
    "value": "top",
    "php": true
  },
  "WishlistTooltip": {
    "type": "Variable",
    "variable": "tooltip",
    "selector_prefix": ".pp-cart-tooltip"
  },
  "CompareVisibility": {
    "type": "Toggle",
    "value": "true",
    "rules": {
      "true": {
        ".product-info .button-group-page .btn-compare": "display:inline-flex"
      },
      "false": {
        ".product-info .button-group-page .btn-compare": "display:none"
      }
    }
  },
  "CompareDisplay": {
    "type": "Radio",
    "value": "icon",
    "rules": {
      "icon": {
        ".route-product-product:not(.popup) .product-info .button-group-page .btn-compare .btn-text": "display:none"
      },
      "text": {
        ".route-product-product:not(.popup) .product-info .button-group-page .btn-compare::before": "display:none",
        ".route-product-product:not(.popup) .product-info .button-group-page .btn-compare .btn-text": "display:inline-block; padding:0;"
      },
      "both": {
        ".route-product-product:not(.popup) .product-info .button-group-page .btn-compare::before, .product-info .button-group-page .btn-compare .btn-text": "display:inline-block"
      }
    },
    "php": true
  },
  "CompareWidth": {
    "type": "Radio",
    "value": "auto",
    "rules": {
      "full": {
        ".route-product-product:not(.popup) .product-info .button-group-page .wishlist-compare .btn-compare": "flex:1; width:100%"
      },
      "auto": {
        ".route-product-product:not(.popup) .product-info .button-group-page .wishlist-compare .btn-compare": "flex:initial; width:auto"
      }
    }
  },
  "CompareMargin": {
    "type": "Margin",
    "selector": ".route-product-product:not(.popup) .product-info .button-group-page .btn-compare"
  },
  "CompareBorderRadius": {
    "type": "BorderRadius",
    "selector": ".route-product-product:not(.popup) .product-info .button-group-page .btn-compare",
    "important": true
  },
  "CompareIcon": {
    "type": "Icon",
    "selector": ".route-product-product:not(.popup) .product-info .button-group-page .btn-compare::before"
  },
  "CompareIconHover": {
    "type": "Color",
    "property": "color:%s",
    "selector": ".desktop.route-product-product:not(.popup) .product-info .button-group-page .btn-compare:hover::before"
  },
  "CompareButton": {
    "type": "Variable",
    "variable": "button",
    "selector_prefix": ".route-product-product:not(.popup) .product-info .button-group-page .btn-compare&"
  },
  "CompareTooltipStatus": {
    "type": "Toggle",
    "php": true
  },
  "CompareTooltipPosition": {
    "type": "Radio",
    "value": "top",
    "php": true
  },
  "CompareTooltip": {
    "type": "Variable",
    "variable": "tooltip",
    "selector_prefix": ".pp-cart-tooltip"
  },

  "CartPadding": {
    "type": "Padding",
    "selector": ".route-product-product:not(.popup) .product-info .button-group-page .btn-cart",
    "important": true
  },
  "Extra1Padding": {
    "type": "Padding",
    "selector": ".route-product-product:not(.popup) .product-info .button-group-page .btn-extra",
    "important": true
  },
  "Extra2Padding": {
    "type": "Padding",
    "selector": ".route-product-product:not(.popup) .product-info .button-group-page .btn-extra + .btn-extra",
    "important": true
  },
  "WishlistPadding": {
    "type": "Padding",
    "selector": ".route-product-product:not(.popup) .product-info .button-group-page .wishlist-compare .btn-wishlist",
    "important": true
  },
  "ComparePadding": {
    "type": "Padding",
    "selector": ".route-product-product:not(.popup) .product-info .button-group-page .wishlist-compare .btn-compare",
    "important": true
  },

  "ProductTabsStyle": {
    "type": "Variable",
    "variable": "tabs",
    "selector_prefix": ".product_tabs"
  },
  "AccordionStyle": {
    "type": "Variable",
    "variable": "accordion",
    "selector_prefix": ".product_accordion&"
  },
  "ProductTabsSortOrder": {
    "type": "InputNumber",
    "selector": ".product_tabs",
    "property": "order:%s"
  },
  "AccordionSortOrder": {
    "type": "InputNumber",
    "selector": ".product_accordion",
    "property": "order:%s"
  },
  "BlocksTabsSortOrder": {
    "type": "InputNumber",
    "selector": ".product_blocks",
    "property": "order:%s"
  },
  "BlocksTabsMargin": {
    "type": "InputNumber",
    "rules":{
      "@":{
        ".product_blocks > div": "margin-bottom:%spx"
      }
    }
  },
  "BlocksBoxStyles": {
    "include": "common",
    "selector_prefix": ".route-product-product:not(.popup) .product_blocks"
  },
  "TabsBoxStyles": {
    "include": "common",
    "selector_prefix": ".route-product-product:not(.popup) .product_tabs"
  },
  "AccordionBoxStyles": {
    "include": "common",
    "selector_prefix": ".route-product-product:not(.popup) .product_accordion"
  }
}
